,Type 1,Type 2,Total,HP,Attack,Defense,Sp_Atk,Sp_Def,Speed,Generation,Legendary,h_clust,kmeans_clust,pca_clust
0,Grass,Poison,318,45.0,49.0,49.0,65.0,65.0,45.0,1,False,0,1,1
1,Grass,Poison,405,60.0,62.0,63.0,80.0,80.0,60.0,1,False,0,1,1
2,Grass,Poison,525,80.0,82.0,83.0,100.0,100.0,80.0,1,False,0,1,2
3,Grass,Poison,625,80.0,100.0,123.0,122.0,120.0,80.0,1,False,0,1,0
4,Fire,Flying,309,39.0,52.0,43.0,60.0,50.0,65.0,1,False,4,3,1
5,Fire,Flying,405,58.0,64.0,58.0,80.0,65.0,80.0,1,False,4,3,1
6,Fire,Flying,534,78.0,84.0,78.0,109.0,85.0,100.0,1,False,4,3,0
7,Fire,Dragon,634,78.0,130.0,111.0,130.0,85.0,100.0,1,False,1,2,2
8,Fire,Flying,634,78.0,104.0,78.0,159.0,115.0,100.0,1,False,4,3,2
9,Water,Flying,314,44.0,48.0,65.0,50.0,64.0,43.0,1,False,3,0,1
10,Water,Flying,405,59.0,63.0,80.0,65.0,80.0,58.0,1,False,3,0,1
11,Water,Flying,530,79.0,83.0,100.0,85.0,105.0,78.0,1,False,1,0,3
12,Water,Flying,630,79.0,103.0,120.0,135.0,115.0,78.0,1,False,1,0,0
13,Bug,Flying,195,45.0,30.0,35.0,20.0,20.0,45.0,1,False,4,3,1
14,Bug,Flying,205,50.0,20.0,55.0,25.0,25.0,30.0,1,False,4,3,1
15,Bug,Flying,395,60.0,45.0,50.0,90.0,80.0,70.0,1,False,4,3,1
16,Bug,Poison,195,40.0,35.0,30.0,20.0,20.0,50.0,1,False,3,2,1
17,Bug,Poison,205,45.0,25.0,50.0,25.0,25.0,35.0,1,False,3,2,1
18,Bug,Poison,395,65.0,90.0,40.0,45.0,80.0,75.0,1,False,3,2,1
19,Bug,Poison,495,65.0,150.0,40.0,15.0,80.0,145.0,1,False,3,2,4
20,Normal,Flying,251,40.0,45.0,40.0,35.0,35.0,56.0,1,False,4,3,1
21,Normal,Flying,349,63.0,60.0,55.0,50.0,50.0,71.0,1,False,4,3,1
22,Normal,Flying,479,83.0,80.0,75.0,70.0,70.0,101.0,1,False,4,3,0
23,Normal,Flying,579,83.0,80.0,80.0,135.0,80.0,121.0,1,False,4,3,0
24,Normal,Flying,253,30.0,56.0,35.0,25.0,35.0,72.0,1,False,4,3,2
25,Normal,Flying,413,55.0,81.0,60.0,50.0,70.0,97.0,1,False,4,3,0
26,Normal,Flying,262,40.0,60.0,30.0,31.0,31.0,70.0,1,False,4,3,2
27,Normal,Flying,442,65.0,90.0,65.0,61.0,61.0,100.0,1,False,4,3,0
28,Poison,Flying,288,35.0,60.0,44.0,40.0,54.0,55.0,1,False,4,3,2
29,Poison,Flying,438,60.0,85.0,69.0,65.0,79.0,80.0,1,False,4,3,1
30,Electric,Flying,320,35.0,55.0,40.0,50.0,50.0,90.0,1,False,4,3,0
31,Electric,Flying,485,60.0,90.0,55.0,90.0,80.0,110.0,1,False,4,3,0
32,Ground,Flying,300,50.0,75.0,85.0,20.0,30.0,40.0,1,False,0,3,3
33,Ground,Flying,450,75.0,100.0,110.0,45.0,55.0,65.0,1,False,0,3,3
34,Poison,Flying,275,55.0,47.0,52.0,40.0,40.0,41.0,1,False,4,3,1
35,Poison,Flying,365,70.0,62.0,67.0,55.0,55.0,56.0,1,False,4,3,1
36,Poison,Ground,505,90.0,92.0,87.0,75.0,85.0,76.0,1,False,3,2,3
37,Poison,Flying,273,46.0,57.0,40.0,40.0,40.0,50.0,1,False,4,3,2
38,Poison,Flying,365,61.0,72.0,57.0,55.0,55.0,65.0,1,False,4,3,1
39,Poison,Ground,505,81.0,102.0,77.0,85.0,75.0,85.0,1,False,3,2,2
40,Fairy,Flying,323,70.0,45.0,48.0,60.0,65.0,35.0,1,False,4,3,1
41,Fairy,Flying,483,95.0,70.0,73.0,95.0,90.0,60.0,1,False,4,3,1
42,Fire,Flying,299,38.0,41.0,40.0,50.0,65.0,65.0,1,False,4,3,1
43,Fire,Flying,505,73.0,76.0,75.0,81.0,100.0,100.0,1,False,4,3,0
44,Normal,Fairy,270,115.0,45.0,20.0,45.0,25.0,20.0,1,False,3,2,1
45,Normal,Fairy,435,65.0,70.0,45.0,85.0,50.0,45.0,1,False,3,2,1
46,Poison,Flying,245,40.0,45.0,35.0,30.0,40.0,55.0,1,False,4,3,1
47,Poison,Flying,455,75.0,80.0,70.0,65.0,75.0,90.0,1,False,4,3,0
48,Grass,Poison,320,45.0,50.0,55.0,75.0,65.0,30.0,1,False,0,1,1
49,Grass,Poison,395,60.0,65.0,70.0,85.0,75.0,40.0,1,False,0,1,1
50,Grass,Poison,490,75.0,80.0,85.0,110.0,90.0,50.0,1,False,0,1,3
51,Bug,Grass,285,35.0,70.0,55.0,45.0,55.0,25.0,1,False,0,2,2
52,Bug,Grass,405,60.0,95.0,80.0,60.0,80.0,30.0,1,False,0,2,3
53,Bug,Poison,305,60.0,55.0,50.0,40.0,55.0,45.0,1,False,3,2,1
54,Bug,Poison,450,70.0,65.0,60.0,90.0,75.0,90.0,1,False,3,2,1
55,Ground,Flying,265,10.0,55.0,25.0,35.0,45.0,95.0,1,False,0,3,0
56,Ground,Flying,405,35.0,80.0,50.0,50.0,70.0,120.0,1,False,0,3,0
57,Normal,Flying,290,40.0,45.0,35.0,40.0,40.0,90.0,1,False,4,3,1
58,Normal,Flying,440,65.0,70.0,60.0,65.0,65.0,115.0,1,False,4,3,0
59,Water,Flying,320,50.0,52.0,48.0,65.0,50.0,55.0,1,False,3,0,1
60,Water,Flying,500,80.0,82.0,78.0,95.0,80.0,85.0,1,False,1,0,0
61,Fighting,Flying,305,40.0,80.0,35.0,35.0,45.0,70.0,1,False,4,3,2
62,Fighting,Flying,455,65.0,105.0,60.0,60.0,70.0,95.0,1,False,4,3,0
63,Fire,Flying,350,55.0,70.0,45.0,70.0,50.0,60.0,1,False,4,3,1
64,Fire,Flying,555,90.0,110.0,80.0,100.0,80.0,95.0,1,False,4,3,2
65,Water,Flying,300,40.0,50.0,40.0,40.0,40.0,90.0,1,False,3,0,1
66,Water,Flying,385,65.0,65.0,65.0,50.0,50.0,90.0,1,False,3,0,1
67,Water,Fighting,510,90.0,95.0,95.0,70.0,90.0,70.0,1,False,0,0,3
68,Psychic,Flying,310,25.0,20.0,15.0,105.0,55.0,90.0,1,False,4,3,1
69,Psychic,Flying,400,40.0,35.0,30.0,120.0,70.0,105.0,1,False,4,3,1
70,Psychic,Flying,500,55.0,50.0,45.0,135.0,95.0,120.0,1,False,4,3,0
71,Psychic,Flying,590,55.0,50.0,65.0,65.0,95.0,150.0,1,False,4,3,0
72,Fighting,Flying,305,70.0,80.0,50.0,35.0,35.0,35.0,1,False,4,3,1
73,Fighting,Flying,405,80.0,100.0,70.0,50.0,60.0,45.0,1,False,4,3,3
74,Fighting,Flying,505,90.0,130.0,80.0,65.0,85.0,55.0,1,False,4,3,3
75,Grass,Poison,300,50.0,75.0,35.0,70.0,30.0,40.0,1,False,0,1,2
76,Grass,Poison,390,65.0,90.0,50.0,85.0,45.0,55.0,1,False,0,1,1
77,Grass,Poison,490,80.0,105.0,65.0,100.0,70.0,70.0,1,False,0,1,1
78,Water,Poison,335,40.0,40.0,35.0,50.0,100.0,70.0,1,False,3,0,1
79,Water,Poison,515,80.0,70.0,65.0,80.0,120.0,100.0,1,False,3,0,1
80,Rock,Ground,300,40.0,80.0,100.0,30.0,30.0,20.0,1,False,3,2,3
81,Rock,Ground,390,55.0,95.0,115.0,45.0,45.0,35.0,1,False,3,2,3
82,Rock,Ground,495,80.0,120.0,130.0,55.0,65.0,45.0,1,False,3,2,3
83,Fire,Flying,410,50.0,85.0,55.0,65.0,65.0,90.0,1,False,4,3,0
84,Fire,Flying,500,65.0,100.0,70.0,80.0,80.0,105.0,1,False,4,3,0
85,Water,Psychic,315,90.0,65.0,65.0,40.0,40.0,15.0,1,False,0,0,1
86,Water,Psychic,490,95.0,75.0,110.0,100.0,80.0,30.0,1,False,0,0,3
87,Water,Psychic,590,95.0,75.0,70.0,130.0,80.0,30.0,1,False,0,0,3
88,Electric,Steel,325,25.0,35.0,70.0,95.0,55.0,45.0,1,False,3,2,3
89,Electric,Steel,465,50.0,60.0,95.0,120.0,70.0,70.0,1,False,3,2,0
90,Normal,Flying,352,52.0,65.0,55.0,58.0,62.0,60.0,1,False,4,3,1
91,Normal,Flying,310,35.0,85.0,45.0,35.0,35.0,75.0,1,False,4,3,2
92,Normal,Flying,460,60.0,110.0,70.0,60.0,60.0,100.0,1,False,4,3,0
93,Water,Flying,325,65.0,45.0,55.0,45.0,70.0,45.0,1,False,3,0,1
94,Water,Ice,475,90.0,70.0,80.0,70.0,95.0,70.0,1,False,3,0,3
95,Poison,Flying,325,80.0,80.0,50.0,40.0,50.0,25.0,1,False,4,3,1
96,Poison,Flying,500,105.0,105.0,75.0,65.0,100.0,50.0,1,False,4,3,3
97,Water,Flying,305,30.0,65.0,100.0,45.0,25.0,40.0,1,False,3,0,3
98,Water,Ice,525,50.0,95.0,70.0,85.0,45.0,70.0,1,False,3,0,2
99,Ghost,Poison,310,30.0,35.0,30.0,100.0,35.0,80.0,1,False,3,2,1
100,Ghost,Poison,405,45.0,50.0,45.0,115.0,55.0,95.0,1,False,3,2,1
101,Ghost,Poison,500,60.0,65.0,60.0,130.0,75.0,110.0,1,False,3,2,0
102,Ghost,Poison,600,60.0,65.0,80.0,65.0,95.0,130.0,1,False,3,2,0
103,Rock,Ground,385,35.0,45.0,70.0,30.0,45.0,70.0,1,False,3,2,0
104,Psychic,Flying,328,60.0,48.0,45.0,43.0,90.0,42.0,1,False,4,3,1
105,Psychic,Flying,483,85.0,73.0,70.0,73.0,115.0,67.0,1,False,4,3,3
106,Water,Flying,325,30.0,105.0,90.0,25.0,25.0,50.0,1,False,3,0,3
107,Water,Flying,475,55.0,130.0,115.0,50.0,50.0,75.0,1,False,3,0,3
108,Electric,Flying,330,40.0,30.0,50.0,55.0,55.0,100.0,1,False,4,3,0
109,Electric,Flying,480,60.0,50.0,70.0,80.0,80.0,140.0,1,False,4,3,0
110,Grass,Psychic,325,60.0,40.0,80.0,60.0,45.0,40.0,1,False,0,1,3
111,Grass,Psychic,520,95.0,95.0,85.0,125.0,65.0,55.0,1,False,0,1,3
112,Ground,Flying,320,50.0,50.0,95.0,40.0,50.0,35.0,1,False,0,3,3
113,Ground,Flying,425,60.0,80.0,110.0,50.0,80.0,45.0,1,False,0,3,3
114,Fighting,Flying,455,50.0,120.0,53.0,35.0,110.0,87.0,1,False,4,3,1
115,Fighting,Flying,455,50.0,105.0,79.0,35.0,110.0,76.0,1,False,4,3,1
116,Normal,Flying,385,90.0,55.0,75.0,60.0,75.0,30.0,1,False,4,3,1
117,Poison,Flying,340,40.0,65.0,95.0,60.0,45.0,35.0,1,False,4,3,3
118,Poison,Flying,490,65.0,90.0,120.0,85.0,70.0,60.0,1,False,4,3,3
119,Ground,Rock,345,80.0,85.0,95.0,30.0,30.0,25.0,1,False,3,2,3
120,Ground,Rock,485,105.0,130.0,120.0,45.0,45.0,40.0,1,False,3,2,3
121,Normal,Flying,450,65.0,5.0,5.0,35.0,105.0,50.0,1,False,4,3,1
122,Grass,Flying,435,65.0,55.0,115.0,100.0,40.0,60.0,1,False,4,1,3
123,Normal,Flying,490,105.0,95.0,80.0,40.0,80.0,90.0,1,False,4,3,0
124,Normal,Flying,590,105.0,125.0,100.0,60.0,100.0,100.0,1,False,4,3,3
125,Water,Flying,295,30.0,40.0,70.0,70.0,25.0,60.0,1,False,3,0,3
126,Water,Flying,440,55.0,65.0,95.0,95.0,45.0,85.0,1,False,3,0,0
127,Water,Flying,320,45.0,67.0,60.0,35.0,50.0,63.0,1,False,3,0,1
128,Water,Flying,450,80.0,92.0,65.0,65.0,80.0,68.0,1,False,3,0,1
129,Water,Flying,340,30.0,45.0,55.0,70.0,55.0,85.0,1,False,3,0,0
130,Water,Psychic,520,60.0,75.0,85.0,100.0,85.0,115.0,1,False,0,0,0
131,Psychic,Fairy,460,40.0,45.0,65.0,100.0,120.0,90.0,1,False,3,2,1
132,Bug,Flying,500,70.0,110.0,80.0,55.0,80.0,105.0,1,False,4,3,0
133,Ice,Psychic,455,65.0,50.0,35.0,115.0,95.0,95.0,1,False,0,2,0
134,Electric,Flying,490,65.0,83.0,57.0,95.0,85.0,105.0,1,False,4,3,0
135,Fire,Flying,495,65.0,95.0,57.0,100.0,85.0,93.0,1,False,4,3,0
136,Bug,Flying,500,65.0,125.0,100.0,55.0,70.0,85.0,1,False,4,3,3
137,Bug,Flying,600,65.0,155.0,120.0,65.0,90.0,105.0,1,False,4,3,2
138,Normal,Flying,490,75.0,100.0,95.0,40.0,70.0,110.0,1,False,4,3,0
139,Water,Flying,200,20.0,10.0,55.0,15.0,20.0,80.0,1,False,3,0,0
140,Water,Flying,540,95.0,125.0,79.0,60.0,100.0,81.0,1,False,1,0,3
141,Water,Dark,640,95.0,155.0,109.0,70.0,130.0,81.0,1,False,0,0,4
142,Water,Ice,535,65.0,85.0,80.0,85.0,95.0,60.0,1,False,3,0,2
143,Normal,Flying,288,48.0,48.0,48.0,48.0,48.0,48.0,1,False,4,3,1
144,Normal,Flying,325,55.0,55.0,50.0,45.0,65.0,55.0,1,False,4,3,1
145,Water,Flying,525,65.0,65.0,60.0,110.0,95.0,65.0,1,False,1,0,0
146,Electric,Flying,525,65.0,65.0,60.0,110.0,95.0,130.0,1,False,4,3,0
147,Fire,Flying,525,65.0,130.0,60.0,95.0,110.0,65.0,1,False,4,3,4
148,Normal,Flying,395,65.0,60.0,70.0,85.0,75.0,40.0,1,False,4,3,1
149,Rock,Water,355,35.0,40.0,100.0,90.0,55.0,35.0,1,False,2,2,3
150,Rock,Water,495,70.0,60.0,125.0,115.0,70.0,55.0,1,False,2,2,3
151,Rock,Water,355,30.0,80.0,90.0,55.0,45.0,55.0,1,False,2,2,3
152,Rock,Water,495,60.0,115.0,105.0,65.0,70.0,80.0,1,False,2,2,3
153,Rock,Flying,515,80.0,105.0,65.0,60.0,75.0,130.0,1,False,4,3,0
154,Rock,Flying,615,80.0,135.0,85.0,70.0,95.0,150.0,1,False,4,3,0
155,Normal,Flying,540,65.0,110.0,65.0,65.0,110.0,30.0,1,False,4,3,1
156,Ice,Flying,580,90.0,85.0,100.0,95.0,125.0,85.0,1,True,1,4,3
157,Electric,Flying,580,90.0,90.0,85.0,125.0,90.0,100.0,1,True,1,4,0
158,Fire,Flying,580,90.0,100.0,90.0,125.0,85.0,90.0,1,True,4,4,0
159,Dragon,Flying,300,41.0,64.0,45.0,50.0,50.0,50.0,1,False,4,3,2
160,Dragon,Flying,420,61.0,84.0,65.0,70.0,70.0,70.0,1,False,4,3,1
161,Dragon,Flying,600,91.0,134.0,95.0,100.0,100.0,80.0,1,False,1,3,2
162,Psychic,Flying,680,106.0,110.0,90.0,154.0,90.0,130.0,1,True,1,4,0
163,Psychic,Fighting,780,106.0,75.0,100.0,154.0,100.0,130.0,1,True,1,4,0
164,Psychic,Flying,780,106.0,150.0,70.0,65.0,120.0,140.0,1,True,1,4,4
165,Psychic,Flying,600,100.0,100.0,100.0,100.0,100.0,100.0,1,False,4,3,0
166,Grass,Flying,318,45.0,49.0,65.0,49.0,65.0,45.0,2,False,4,1,1
167,Grass,Flying,405,60.0,62.0,80.0,63.0,80.0,60.0,2,False,4,1,1
168,Grass,Flying,525,80.0,82.0,100.0,83.0,100.0,80.0,2,False,4,1,3
169,Fire,Flying,309,39.0,52.0,43.0,60.0,50.0,65.0,2,False,4,3,1
170,Fire,Flying,405,58.0,64.0,58.0,80.0,65.0,80.0,2,False,4,3,1
171,Fire,Flying,534,78.0,84.0,78.0,109.0,85.0,100.0,2,False,4,3,0
172,Water,Flying,314,50.0,65.0,64.0,44.0,48.0,43.0,2,False,3,0,1
173,Water,Flying,405,65.0,80.0,80.0,59.0,63.0,58.0,2,False,3,0,1
174,Water,Flying,530,85.0,105.0,100.0,79.0,83.0,78.0,2,False,1,0,3
175,Normal,Flying,215,35.0,46.0,34.0,35.0,45.0,20.0,2,False,4,3,1
176,Normal,Flying,415,85.0,76.0,64.0,45.0,55.0,90.0,2,False,4,3,0
177,Normal,Flying,262,60.0,30.0,30.0,36.0,56.0,50.0,2,False,4,3,1
178,Normal,Flying,442,100.0,50.0,50.0,76.0,96.0,70.0,2,False,4,3,3
179,Bug,Flying,265,40.0,20.0,30.0,40.0,80.0,55.0,2,False,4,3,1
180,Bug,Flying,390,55.0,35.0,50.0,55.0,110.0,85.0,2,False,4,3,1
181,Bug,Poison,250,40.0,60.0,40.0,40.0,40.0,30.0,2,False,3,2,2
182,Bug,Poison,390,70.0,90.0,70.0,60.0,60.0,40.0,2,False,3,2,1
183,Poison,Flying,535,85.0,90.0,80.0,70.0,80.0,130.0,2,False,4,3,0
184,Water,Electric,330,75.0,38.0,38.0,56.0,56.0,67.0,2,False,3,0,1
185,Water,Electric,460,125.0,58.0,58.0,76.0,76.0,67.0,2,False,3,0,1
186,Electric,Flying,205,20.0,40.0,15.0,35.0,35.0,60.0,2,False,4,3,1
187,Fairy,Flying,218,50.0,25.0,28.0,45.0,55.0,15.0,2,False,4,3,1
188,Normal,Fairy,210,90.0,30.0,15.0,40.0,20.0,15.0,2,False,3,2,1
189,Fairy,Flying,245,35.0,20.0,65.0,40.0,65.0,20.0,2,False,4,3,3
190,Fairy,Flying,405,55.0,40.0,85.0,80.0,105.0,40.0,2,False,4,3,3
191,Psychic,Flying,320,40.0,50.0,45.0,70.0,45.0,70.0,2,False,4,3,1
192,Psychic,Flying,470,65.0,75.0,70.0,95.0,70.0,95.0,2,False,4,3,1
193,Electric,Flying,280,55.0,40.0,40.0,65.0,45.0,35.0,2,False,4,3,1
194,Electric,Flying,365,70.0,55.0,55.0,80.0,60.0,45.0,2,False,4,3,1
195,Electric,Flying,510,90.0,75.0,85.0,115.0,90.0,55.0,2,False,4,3,3
196,Electric,Dragon,610,90.0,95.0,105.0,65.0,110.0,45.0,2,False,3,2,3
197,Grass,Flying,490,75.0,80.0,95.0,90.0,100.0,50.0,2,False,4,1,3
198,Water,Fairy,250,70.0,20.0,50.0,20.0,50.0,40.0,2,False,3,0,1
199,Water,Fairy,420,100.0,50.0,80.0,60.0,80.0,50.0,2,False,3,0,1
200,Rock,Flying,410,70.0,100.0,115.0,30.0,65.0,30.0,2,False,4,3,3
201,Water,Flying,500,90.0,75.0,75.0,90.0,100.0,70.0,2,False,1,0,3
202,Grass,Flying,250,35.0,35.0,40.0,35.0,55.0,50.0,2,False,4,1,1
203,Grass,Flying,340,55.0,45.0,50.0,45.0,65.0,80.0,2,False,4,1,1
204,Grass,Flying,460,75.0,55.0,70.0,55.0,95.0,110.0,2,False,4,1,0
205,Normal,Flying,360,55.0,70.0,55.0,40.0,55.0,85.0,2,False,4,3,0
206,Grass,Flying,180,30.0,30.0,30.0,30.0,30.0,30.0,2,False,4,1,1
207,Grass,Flying,425,75.0,75.0,55.0,105.0,85.0,30.0,2,False,4,1,1
208,Bug,Flying,390,65.0,65.0,45.0,75.0,45.0,95.0,2,False,4,3,1
209,Water,Ground,210,55.0,45.0,45.0,25.0,25.0,15.0,2,False,3,0,1
210,Water,Ground,430,95.0,85.0,85.0,65.0,65.0,35.0,2,False,3,0,1
211,Psychic,Flying,525,65.0,65.0,60.0,130.0,95.0,110.0,2,False,4,3,0
212,Dark,Flying,525,95.0,65.0,110.0,60.0,130.0,65.0,2,False,4,3,3
213,Dark,Flying,405,60.0,85.0,42.0,85.0,42.0,91.0,2,False,4,3,1
214,Water,Psychic,490,95.0,75.0,80.0,100.0,110.0,30.0,2,False,0,0,3
215,Ghost,Flying,435,60.0,60.0,60.0,85.0,85.0,85.0,2,False,3,3,1
216,Psychic,Flying,336,48.0,72.0,48.0,72.0,48.0,48.0,2,False,4,3,1
217,Psychic,Flying,405,65.0,33.0,58.0,33.0,58.0,33.0,2,False,4,3,1
218,Normal,Psychic,455,70.0,80.0,65.0,90.0,65.0,85.0,2,False,0,2,1
219,Bug,Flying,290,50.0,65.0,90.0,35.0,35.0,15.0,2,False,4,3,3
220,Bug,Steel,465,75.0,90.0,140.0,60.0,60.0,40.0,2,False,0,2,3
221,Normal,Flying,415,100.0,70.0,70.0,65.0,65.0,45.0,2,False,4,3,1
222,Ground,Flying,430,65.0,75.0,105.0,35.0,65.0,85.0,2,False,0,3,3
223,Steel,Ground,510,75.0,85.0,70.0,55.0,65.0,30.0,2,False,3,2,3
224,Steel,Ground,610,75.0,125.0,70.0,55.0,95.0,30.0,2,False,3,2,4
225,Fairy,Flying,300,60.0,80.0,50.0,40.0,40.0,30.0,2,False,4,3,2
226,Fairy,Flying,450,90.0,120.0,75.0,60.0,60.0,45.0,2,False,4,3,3
227,Water,Poison,430,65.0,95.0,75.0,55.0,55.0,85.0,2,False,3,0,1
228,Bug,Steel,500,70.0,130.0,100.0,55.0,80.0,65.0,2,False,0,2,3
229,Bug,Steel,600,70.0,150.0,140.0,65.0,100.0,75.0,2,False,0,2,2
230,Bug,Rock,505,20.0,10.0,70.0,10.0,70.0,5.0,2,False,3,2,3
231,Bug,Fighting,500,80.0,125.0,75.0,40.0,95.0,85.0,2,False,0,2,3
232,Bug,Fighting,600,80.0,75.0,115.0,40.0,105.0,75.0,2,False,0,2,3
233,Dark,Ice,430,55.0,95.0,55.0,35.0,75.0,115.0,2,False,0,2,0
234,Normal,Flying,330,60.0,80.0,50.0,50.0,50.0,40.0,2,False,4,3,2
235,Normal,Flying,500,90.0,130.0,75.0,75.0,75.0,55.0,2,False,4,3,3
236,Fire,Flying,250,40.0,40.0,40.0,70.0,40.0,20.0,2,False,4,3,1
237,Fire,Rock,410,50.0,50.0,120.0,80.0,80.0,30.0,2,False,3,2,3
238,Ice,Ground,250,50.0,50.0,40.0,30.0,30.0,50.0,2,False,3,2,1
239,Ice,Ground,450,100.0,100.0,80.0,60.0,60.0,50.0,2,False,3,2,1
240,Water,Rock,380,55.0,55.0,85.0,65.0,85.0,35.0,2,False,3,0,3
241,Water,Flying,300,35.0,65.0,35.0,65.0,35.0,65.0,2,False,3,0,2
242,Water,Flying,480,75.0,105.0,75.0,105.0,75.0,45.0,2,False,1,0,2
243,Ice,Flying,330,45.0,55.0,45.0,65.0,45.0,75.0,2,False,4,3,1
244,Water,Flying,465,65.0,40.0,70.0,80.0,140.0,70.0,2,False,1,0,1
245,Steel,Flying,465,65.0,80.0,140.0,40.0,70.0,70.0,2,False,4,3,3
246,Dark,Fire,330,45.0,60.0,30.0,80.0,50.0,65.0,2,False,0,2,2
247,Dark,Fire,500,75.0,90.0,50.0,110.0,80.0,95.0,2,False,0,2,0
248,Dark,Fire,600,75.0,90.0,90.0,140.0,90.0,115.0,2,False,0,2,0
249,Water,Dragon,540,75.0,95.0,95.0,95.0,95.0,85.0,2,False,1,0,2
250,Ground,Flying,330,90.0,60.0,60.0,40.0,40.0,40.0,2,False,0,3,1
251,Ground,Flying,500,90.0,120.0,120.0,60.0,60.0,50.0,2,False,0,3,3
252,Normal,Flying,515,85.0,80.0,90.0,105.0,95.0,60.0,2,False,4,3,3
253,Normal,Flying,465,73.0,95.0,62.0,85.0,65.0,85.0,2,False,4,3,2
254,Normal,Flying,250,55.0,20.0,35.0,20.0,45.0,75.0,2,False,4,3,1
255,Fighting,Flying,210,35.0,35.0,35.0,35.0,35.0,35.0,2,False,4,3,1
256,Fighting,Flying,455,50.0,95.0,95.0,35.0,110.0,70.0,2,False,4,3,1
257,Ice,Psychic,305,45.0,30.0,15.0,85.0,65.0,65.0,2,False,0,2,1
258,Electric,Flying,360,45.0,63.0,37.0,65.0,55.0,95.0,2,False,4,3,0
259,Fire,Flying,365,45.0,75.0,37.0,70.0,55.0,83.0,2,False,4,3,0
260,Normal,Flying,490,95.0,80.0,105.0,40.0,70.0,100.0,2,False,4,3,0
261,Normal,Flying,540,65.0,10.0,10.0,75.0,135.0,55.0,2,False,4,3,1
262,Electric,Flying,580,90.0,85.0,75.0,115.0,100.0,115.0,2,True,1,4,0
263,Fire,Flying,580,115.0,115.0,85.0,90.0,75.0,100.0,2,True,4,4,3
264,Water,Flying,580,100.0,75.0,115.0,90.0,115.0,85.0,2,True,1,4,0
265,Rock,Ground,300,50.0,64.0,50.0,45.0,50.0,41.0,2,False,3,2,2
266,Rock,Ground,410,70.0,84.0,70.0,65.0,70.0,51.0,2,False,3,2,1
267,Rock,Dark,600,100.0,134.0,110.0,95.0,100.0,61.0,2,False,2,2,2
268,Rock,Dark,700,100.0,164.0,150.0,95.0,120.0,71.0,2,False,2,2,2
269,Psychic,Flying,680,106.0,90.0,130.0,90.0,70.0,110.0,2,True,1,4,0
270,Fire,Flying,680,106.0,130.0,90.0,110.0,70.0,90.0,2,True,4,4,2
271,Psychic,Grass,600,100.0,100.0,100.0,100.0,100.0,100.0,2,False,0,2,0
272,Grass,Flying,310,40.0,45.0,35.0,65.0,55.0,70.0,3,False,4,1,1
273,Grass,Flying,405,50.0,65.0,45.0,85.0,65.0,95.0,3,False,4,1,1
274,Grass,Flying,530,70.0,85.0,65.0,105.0,85.0,120.0,3,False,4,1,0
275,Grass,Dragon,630,70.0,110.0,75.0,145.0,85.0,145.0,3,False,1,1,0
276,Fire,Flying,310,45.0,60.0,40.0,70.0,50.0,45.0,3,False,4,3,1
277,Fire,Fighting,405,60.0,85.0,60.0,85.0,60.0,55.0,3,False,0,2,1
278,Fire,Fighting,530,80.0,120.0,70.0,110.0,70.0,80.0,3,False,0,2,2
279,Fire,Fighting,630,80.0,160.0,80.0,130.0,80.0,100.0,3,False,0,2,2
280,Water,Flying,310,50.0,70.0,50.0,50.0,50.0,40.0,3,False,3,0,2
281,Water,Ground,405,70.0,85.0,70.0,60.0,70.0,50.0,3,False,3,0,1
282,Water,Ground,535,100.0,110.0,90.0,85.0,90.0,60.0,3,False,3,0,3
283,Water,Ground,635,100.0,150.0,110.0,95.0,110.0,70.0,3,False,3,0,2
284,Dark,Flying,220,35.0,55.0,35.0,30.0,30.0,35.0,3,False,4,3,2
285,Dark,Flying,420,70.0,90.0,70.0,60.0,60.0,70.0,3,False,4,3,1
286,Normal,Flying,240,38.0,30.0,41.0,30.0,41.0,60.0,3,False,4,3,1
287,Normal,Flying,420,78.0,70.0,61.0,50.0,61.0,100.0,3,False,4,3,0
288,Bug,Flying,195,45.0,45.0,35.0,20.0,30.0,20.0,3,False,4,3,1
289,Bug,Flying,205,50.0,35.0,55.0,25.0,25.0,15.0,3,False,4,3,1
290,Bug,Flying,395,60.0,70.0,50.0,100.0,50.0,65.0,3,False,4,3,1
291,Bug,Flying,205,50.0,35.0,55.0,25.0,25.0,15.0,3,False,4,3,1
292,Bug,Poison,385,60.0,50.0,70.0,50.0,90.0,65.0,3,False,3,2,1
293,Water,Grass,220,40.0,30.0,30.0,40.0,50.0,30.0,3,False,3,0,1
294,Water,Grass,340,60.0,50.0,50.0,60.0,70.0,50.0,3,False,3,0,1
295,Water,Grass,480,80.0,70.0,70.0,90.0,100.0,70.0,3,False,3,0,3
296,Grass,Flying,220,40.0,40.0,50.0,30.0,30.0,30.0,3,False,4,1,1
297,Grass,Dark,340,70.0,70.0,40.0,60.0,40.0,60.0,3,False,0,1,1
298,Grass,Dark,480,90.0,100.0,60.0,90.0,60.0,80.0,3,False,0,1,2
299,Normal,Flying,270,40.0,55.0,30.0,30.0,30.0,85.0,3,False,4,3,1
300,Normal,Flying,430,60.0,85.0,60.0,50.0,50.0,125.0,3,False,4,3,0
301,Water,Flying,270,40.0,30.0,30.0,55.0,30.0,85.0,3,False,3,0,1
302,Water,Flying,430,60.0,50.0,100.0,85.0,70.0,65.0,3,False,1,0,0
303,Psychic,Fairy,198,28.0,25.0,25.0,45.0,35.0,40.0,3,False,3,2,1
304,Psychic,Fairy,278,38.0,35.0,35.0,65.0,55.0,50.0,3,False,3,2,1
305,Psychic,Fairy,518,68.0,65.0,65.0,125.0,115.0,80.0,3,False,3,2,0
306,Psychic,Fairy,618,68.0,85.0,65.0,65.0,135.0,100.0,3,False,3,2,1
307,Bug,Water,269,40.0,30.0,32.0,50.0,52.0,65.0,3,False,3,2,1
308,Bug,Flying,414,70.0,60.0,62.0,80.0,82.0,60.0,3,False,4,3,1
309,Grass,Flying,295,60.0,40.0,60.0,40.0,60.0,35.0,3,False,4,1,1
310,Grass,Fighting,460,60.0,130.0,80.0,60.0,60.0,70.0,3,False,0,1,2
311,Normal,Flying,280,60.0,60.0,60.0,35.0,35.0,30.0,3,False,4,3,3
312,Normal,Flying,440,80.0,80.0,80.0,55.0,55.0,90.0,3,False,4,3,0
313,Normal,Flying,670,65.0,160.0,100.0,95.0,65.0,100.0,3,False,4,3,2
314,Bug,Ground,266,31.0,45.0,90.0,30.0,30.0,40.0,3,False,3,2,3
315,Bug,Flying,456,61.0,90.0,45.0,50.0,50.0,65.0,3,False,4,3,1
316,Bug,Ghost,236,65.0,90.0,45.0,30.0,30.0,40.0,3,False,0,2,2
317,Normal,Flying,240,64.0,51.0,23.0,51.0,23.0,28.0,3,False,4,3,1
318,Normal,Flying,360,84.0,71.0,43.0,71.0,43.0,48.0,3,False,4,3,1
319,Normal,Flying,490,104.0,91.0,63.0,91.0,73.0,68.0,3,False,4,3,1
320,Fighting,Flying,237,72.0,60.0,30.0,20.0,30.0,25.0,3,False,4,3,1
321,Fighting,Flying,474,65.0,120.0,60.0,40.0,60.0,50.0,3,False,4,3,3
322,Normal,Fairy,190,50.0,20.0,40.0,20.0,40.0,20.0,3,False,3,2,1
323,Rock,Flying,375,30.0,45.0,135.0,45.0,90.0,30.0,3,False,4,3,3
324,Normal,Flying,260,50.0,45.0,45.0,35.0,35.0,50.0,3,False,4,3,1
325,Normal,Flying,380,70.0,65.0,65.0,55.0,55.0,70.0,3,False,4,3,1
326,Dark,Ghost,380,50.0,75.0,75.0,65.0,65.0,50.0,3,False,0,2,1
327,Dark,Ghost,480,50.0,85.0,125.0,85.0,115.0,20.0,3,False,0,2,3
328,Steel,Fairy,380,50.0,85.0,85.0,55.0,55.0,50.0,3,False,3,2,3
329,Steel,Fairy,480,50.0,105.0,125.0,55.0,95.0,50.0,3,False,3,2,3
330,Steel,Rock,330,50.0,70.0,100.0,40.0,40.0,30.0,3,False,3,2,3
331,Steel,Rock,430,60.0,90.0,140.0,50.0,50.0,40.0,3,False,3,2,3
332,Steel,Rock,530,70.0,110.0,70.0,60.0,60.0,50.0,3,False,3,2,3
333,Steel,Flying,630,70.0,140.0,70.0,60.0,80.0,50.0,3,False,4,3,4
334,Fighting,Psychic,280,30.0,40.0,55.0,40.0,55.0,60.0,3,False,0,2,1
335,Fighting,Psychic,410,60.0,60.0,75.0,60.0,75.0,80.0,3,False,0,2,0
336,Fighting,Psychic,510,60.0,100.0,85.0,80.0,85.0,100.0,3,False,0,2,0
337,Electric,Flying,295,40.0,45.0,40.0,65.0,40.0,65.0,3,False,4,3,1
338,Electric,Flying,475,70.0,75.0,60.0,105.0,60.0,105.0,3,False,4,3,1
339,Electric,Flying,575,70.0,75.0,80.0,135.0,80.0,135.0,3,False,4,3,0
340,Electric,Flying,405,60.0,50.0,40.0,85.0,75.0,95.0,3,False,4,3,1
341,Electric,Flying,405,60.0,40.0,50.0,75.0,85.0,95.0,3,False,4,3,1
342,Bug,Flying,400,65.0,73.0,55.0,47.0,75.0,85.0,3,False,4,3,0
343,Bug,Flying,400,65.0,47.0,55.0,73.0,75.0,85.0,3,False,4,3,1
344,Grass,Poison,400,50.0,60.0,45.0,100.0,80.0,65.0,3,False,0,1,0
345,Poison,Flying,302,70.0,43.0,53.0,43.0,53.0,40.0,3,False,4,3,1
346,Poison,Flying,467,100.0,73.0,83.0,73.0,83.0,55.0,3,False,4,3,1
347,Water,Dark,305,45.0,90.0,20.0,65.0,20.0,65.0,3,False,0,0,2
348,Water,Dark,460,70.0,120.0,40.0,95.0,40.0,95.0,3,False,0,0,2
349,Water,Dark,560,70.0,140.0,70.0,110.0,65.0,105.0,3,False,0,0,2
350,Water,Flying,400,65.0,70.0,35.0,70.0,35.0,60.0,3,False,3,0,1
351,Water,Flying,500,65.0,90.0,45.0,90.0,45.0,60.0,3,False,3,0,2
352,Fire,Ground,305,60.0,60.0,40.0,65.0,45.0,35.0,3,False,3,2,1
353,Fire,Ground,460,70.0,100.0,70.0,105.0,75.0,40.0,3,False,3,2,2
354,Fire,Ground,560,70.0,120.0,100.0,145.0,105.0,20.0,3,False,3,2,2
355,Fire,Flying,470,70.0,85.0,140.0,85.0,70.0,20.0,3,False,4,3,3
356,Psychic,Flying,330,60.0,25.0,35.0,70.0,80.0,60.0,3,False,4,3,1
357,Psychic,Flying,470,80.0,45.0,65.0,90.0,110.0,80.0,3,False,4,3,3
358,Normal,Flying,360,60.0,60.0,60.0,60.0,60.0,60.0,3,False,4,3,1
359,Ground,Flying,290,45.0,100.0,45.0,45.0,45.0,10.0,3,False,0,3,2
360,Ground,Dragon,340,50.0,70.0,50.0,50.0,50.0,70.0,3,False,0,2,1
361,Ground,Dragon,520,80.0,100.0,80.0,80.0,80.0,100.0,3,False,0,2,0
362,Grass,Flying,335,50.0,85.0,40.0,85.0,40.0,35.0,3,False,4,1,2
363,Grass,Dark,475,70.0,115.0,60.0,115.0,60.0,55.0,3,False,0,1,2
364,Normal,Flying,310,45.0,40.0,60.0,40.0,75.0,50.0,3,False,4,3,1
365,Dragon,Flying,490,75.0,70.0,90.0,70.0,105.0,80.0,3,False,1,3,3
366,Dragon,Fairy,590,75.0,110.0,110.0,110.0,105.0,80.0,3,False,3,2,2
367,Normal,Flying,458,73.0,115.0,60.0,60.0,60.0,90.0,3,False,4,3,0
368,Poison,Flying,458,73.0,100.0,60.0,100.0,60.0,65.0,3,False,4,3,1
369,Rock,Psychic,440,70.0,55.0,65.0,95.0,85.0,70.0,3,False,2,2,1
370,Rock,Psychic,440,70.0,95.0,85.0,55.0,65.0,70.0,3,False,2,2,1
371,Water,Ground,288,50.0,48.0,43.0,46.0,41.0,60.0,3,False,3,0,1
372,Water,Ground,468,110.0,78.0,73.0,76.0,71.0,60.0,3,False,3,0,1
373,Water,Flying,308,43.0,80.0,65.0,50.0,35.0,35.0,3,False,3,0,2
374,Water,Dark,468,63.0,120.0,85.0,90.0,55.0,55.0,3,False,0,0,2
375,Ground,Psychic,300,40.0,40.0,55.0,40.0,70.0,55.0,3,False,0,2,1
376,Ground,Psychic,500,60.0,70.0,105.0,70.0,120.0,75.0,3,False,0,2,3
377,Rock,Grass,355,66.0,41.0,77.0,61.0,87.0,23.0,3,False,0,2,3
378,Rock,Grass,495,86.0,81.0,97.0,81.0,107.0,43.0,3,False,0,2,3
379,Rock,Bug,355,45.0,95.0,50.0,40.0,50.0,75.0,3,False,2,2,2
380,Rock,Bug,495,75.0,125.0,100.0,70.0,80.0,45.0,3,False,2,2,3
381,Water,Flying,200,20.0,15.0,20.0,10.0,55.0,80.0,3,False,3,0,0
382,Water,Flying,540,95.0,60.0,79.0,100.0,125.0,81.0,3,False,1,0,3
383,Normal,Flying,420,70.0,70.0,70.0,70.0,70.0,70.0,3,False,4,3,1
384,Normal,Flying,440,60.0,90.0,70.0,60.0,120.0,40.0,3,False,4,3,1
385,Ghost,Flying,295,44.0,75.0,35.0,63.0,33.0,45.0,3,False,3,3,2
386,Ghost,Flying,455,64.0,115.0,65.0,83.0,63.0,65.0,3,False,3,3,2
387,Ghost,Flying,555,64.0,165.0,75.0,93.0,83.0,75.0,3,False,3,3,4
388,Ghost,Flying,295,20.0,40.0,90.0,30.0,90.0,25.0,3,False,3,3,3
389,Ghost,Flying,455,40.0,70.0,130.0,60.0,130.0,25.0,3,False,3,3,3
390,Grass,Flying,460,99.0,68.0,83.0,72.0,87.0,51.0,3,False,4,1,1
391,Psychic,Flying,425,65.0,50.0,70.0,95.0,80.0,65.0,3,False,4,3,1
392,Dark,Flying,465,65.0,130.0,60.0,75.0,60.0,75.0,3,False,4,3,2
393,Dark,Flying,565,65.0,150.0,60.0,115.0,60.0,115.0,3,False,4,3,2
394,Psychic,Flying,260,95.0,23.0,48.0,23.0,48.0,23.0,3,False,4,3,1
395,Ice,Flying,300,50.0,50.0,50.0,50.0,50.0,50.0,3,False,4,3,1
396,Ice,Flying,480,80.0,80.0,80.0,80.0,80.0,80.0,3,False,4,3,0
397,Ice,Flying,580,80.0,120.0,80.0,120.0,80.0,100.0,3,False,4,3,2
398,Ice,Water,290,70.0,40.0,50.0,55.0,50.0,25.0,3,False,3,2,1
399,Ice,Water,410,90.0,60.0,70.0,75.0,70.0,45.0,3,False,3,2,1
400,Ice,Water,530,110.0,80.0,90.0,95.0,90.0,65.0,3,False,3,2,1
401,Water,Flying,345,35.0,64.0,85.0,74.0,55.0,32.0,3,False,3,0,3
402,Water,Flying,485,55.0,104.0,105.0,94.0,75.0,52.0,3,False,1,0,3
403,Water,Flying,485,55.0,84.0,105.0,114.0,75.0,52.0,3,False,1,0,3
404,Water,Rock,485,100.0,90.0,130.0,45.0,65.0,55.0,3,False,3,0,3
405,Water,Flying,330,43.0,30.0,55.0,40.0,65.0,97.0,3,False,3,0,0
406,Dragon,Flying,300,45.0,75.0,60.0,40.0,30.0,50.0,3,False,4,3,2
407,Dragon,Flying,420,65.0,95.0,100.0,60.0,50.0,50.0,3,False,4,3,3
408,Dragon,Flying,600,95.0,135.0,80.0,110.0,80.0,100.0,3,False,1,3,2
409,Dragon,Flying,700,95.0,145.0,130.0,120.0,90.0,120.0,3,False,1,4,2
410,Steel,Psychic,300,40.0,55.0,80.0,35.0,60.0,30.0,3,False,0,2,3
411,Steel,Psychic,420,60.0,75.0,100.0,55.0,80.0,50.0,3,False,0,2,3
412,Steel,Psychic,600,80.0,135.0,130.0,95.0,90.0,70.0,3,False,0,2,2
413,Steel,Psychic,700,80.0,145.0,150.0,105.0,110.0,110.0,3,False,0,2,2
414,Rock,Flying,580,80.0,100.0,70.0,50.0,100.0,50.0,3,True,4,4,3
415,Ice,Flying,580,80.0,50.0,100.0,100.0,70.0,50.0,3,True,1,4,3
416,Steel,Flying,580,80.0,75.0,150.0,75.0,150.0,50.0,3,True,4,4,3
417,Dragon,Psychic,600,80.0,80.0,90.0,110.0,130.0,110.0,3,True,1,4,1
418,Dragon,Psychic,700,80.0,100.0,120.0,140.0,150.0,110.0,3,True,1,4,0
419,Dragon,Psychic,600,80.0,90.0,80.0,130.0,110.0,110.0,3,True,1,4,0
420,Dragon,Psychic,700,80.0,130.0,100.0,160.0,120.0,110.0,3,True,1,4,2
421,Water,Flying,670,100.0,100.0,90.0,150.0,140.0,90.0,3,True,1,4,2
422,Water,Flying,770,100.0,150.0,90.0,65.0,70.0,90.0,3,True,1,4,4
423,Ground,Flying,670,100.0,150.0,140.0,100.0,90.0,90.0,3,True,1,4,2
424,Ground,Fire,770,100.0,75.0,70.0,150.0,90.0,90.0,3,True,0,4,0
425,Dragon,Flying,680,105.0,150.0,90.0,150.0,90.0,95.0,3,True,1,4,2
426,Dragon,Flying,780,105.0,75.0,100.0,65.0,100.0,115.0,3,True,1,4,4
427,Steel,Psychic,600,100.0,100.0,100.0,100.0,100.0,100.0,3,True,0,4,0
428,Psychic,Flying,600,50.0,150.0,50.0,150.0,50.0,150.0,3,True,1,4,2
429,Psychic,Flying,600,50.0,75.0,20.0,65.0,20.0,150.0,3,True,1,4,0
430,Psychic,Flying,600,50.0,70.0,70.0,70.0,70.0,90.0,3,True,1,4,0
431,Psychic,Flying,600,50.0,95.0,90.0,95.0,90.0,65.0,3,True,1,4,2
432,Grass,Flying,318,55.0,68.0,64.0,45.0,55.0,31.0,4,False,4,1,2
433,Grass,Flying,405,75.0,89.0,85.0,55.0,65.0,36.0,4,False,4,1,3
434,Grass,Ground,525,95.0,109.0,105.0,75.0,85.0,56.0,4,False,3,1,3
435,Fire,Flying,309,44.0,58.0,44.0,58.0,44.0,61.0,4,False,4,3,1
436,Fire,Fighting,405,64.0,78.0,52.0,78.0,52.0,81.0,4,False,0,2,1
437,Fire,Fighting,534,76.0,104.0,71.0,104.0,71.0,108.0,4,False,0,2,2
438,Water,Flying,314,53.0,51.0,53.0,61.0,56.0,40.0,4,False,3,0,1
439,Water,Flying,405,64.0,66.0,68.0,81.0,76.0,50.0,4,False,3,0,1
440,Water,Steel,530,84.0,86.0,88.0,111.0,101.0,60.0,4,False,0,0,3
441,Normal,Flying,245,40.0,55.0,30.0,30.0,30.0,60.0,4,False,4,3,2
442,Normal,Flying,340,55.0,75.0,50.0,40.0,40.0,80.0,4,False,4,3,1
443,Normal,Flying,485,85.0,120.0,70.0,50.0,60.0,100.0,4,False,4,3,0
444,Normal,Flying,250,59.0,45.0,40.0,35.0,40.0,31.0,4,False,4,3,1
445,Normal,Water,410,79.0,85.0,60.0,55.0,60.0,71.0,4,False,3,2,1
446,Bug,Flying,194,37.0,25.0,41.0,25.0,41.0,25.0,4,False,4,3,1
447,Bug,Flying,384,77.0,85.0,51.0,55.0,51.0,65.0,4,False,4,3,1
448,Electric,Flying,263,45.0,65.0,34.0,40.0,34.0,45.0,4,False,4,3,2
449,Electric,Flying,363,60.0,85.0,49.0,60.0,49.0,60.0,4,False,4,3,1
450,Electric,Flying,523,80.0,120.0,79.0,95.0,79.0,70.0,4,False,4,3,2
451,Grass,Poison,280,40.0,30.0,35.0,50.0,70.0,55.0,4,False,0,1,1
452,Grass,Poison,515,60.0,70.0,65.0,125.0,105.0,90.0,4,False,0,1,0
453,Rock,Flying,350,67.0,125.0,40.0,30.0,30.0,58.0,4,False,4,3,2
454,Rock,Flying,495,97.0,165.0,60.0,65.0,50.0,58.0,4,False,4,3,2
455,Rock,Steel,350,30.0,42.0,118.0,42.0,88.0,30.0,4,False,0,2,3
456,Rock,Steel,495,60.0,52.0,70.0,47.0,138.0,30.0,4,False,0,2,1
457,Bug,Flying,224,40.0,29.0,45.0,29.0,45.0,36.0,4,False,4,3,1
458,Bug,Grass,424,60.0,59.0,85.0,79.0,105.0,36.0,4,False,0,2,3
459,Bug,Ground,424,60.0,79.0,105.0,59.0,85.0,36.0,4,False,3,2,3
460,Bug,Steel,424,60.0,69.0,95.0,69.0,95.0,36.0,4,False,0,2,3
461,Bug,Flying,424,70.0,94.0,50.0,94.0,50.0,66.0,4,False,4,3,1
462,Bug,Flying,244,30.0,30.0,42.0,30.0,42.0,70.0,4,False,4,3,1
463,Bug,Flying,474,70.0,80.0,102.0,80.0,102.0,40.0,4,False,4,3,3
464,Electric,Flying,405,60.0,45.0,70.0,45.0,90.0,95.0,4,False,4,3,0
465,Water,Flying,330,55.0,65.0,35.0,60.0,30.0,85.0,4,False,3,0,1
466,Water,Flying,495,85.0,105.0,55.0,85.0,50.0,115.0,4,False,1,0,2
467,Grass,Flying,275,45.0,35.0,45.0,62.0,53.0,35.0,4,False,4,1,1
468,Grass,Flying,450,70.0,60.0,70.0,87.0,78.0,85.0,4,False,4,1,1
469,Water,Flying,325,76.0,48.0,48.0,57.0,62.0,34.0,4,False,3,0,1
470,Water,Ground,475,111.0,83.0,68.0,92.0,82.0,39.0,4,False,3,0,3
471,Normal,Flying,482,75.0,100.0,66.0,60.0,66.0,115.0,4,False,4,3,0
472,Ghost,Flying,348,90.0,50.0,34.0,60.0,44.0,70.0,4,False,3,3,1
473,Ghost,Flying,498,65.0,80.0,44.0,90.0,54.0,80.0,4,False,3,3,0
474,Normal,Flying,350,55.0,66.0,44.0,44.0,56.0,85.0,4,False,4,3,0
475,Normal,Flying,480,65.0,76.0,84.0,54.0,96.0,105.0,4,False,4,3,0
476,Normal,Fighting,580,65.0,136.0,94.0,54.0,96.0,135.0,4,False,0,2,0
477,Ghost,Flying,495,60.0,60.0,60.0,105.0,105.0,105.0,4,False,3,3,0
478,Dark,Flying,505,100.0,125.0,52.0,105.0,52.0,71.0,4,False,4,3,2
479,Normal,Flying,310,49.0,55.0,42.0,42.0,37.0,85.0,4,False,4,3,1
480,Normal,Flying,452,71.0,82.0,64.0,64.0,59.0,112.0,4,False,4,3,0
481,Psychic,Flying,285,45.0,30.0,50.0,65.0,50.0,45.0,4,False,4,3,1
482,Poison,Dark,329,63.0,63.0,47.0,41.0,41.0,74.0,4,False,0,2,1
483,Poison,Dark,479,103.0,93.0,67.0,71.0,61.0,84.0,4,False,0,2,3
484,Steel,Psychic,300,57.0,24.0,86.0,24.0,86.0,23.0,4,False,0,2,3
485,Steel,Psychic,500,67.0,89.0,116.0,79.0,116.0,33.0,4,False,0,2,3
486,Rock,Flying,290,50.0,80.0,95.0,10.0,45.0,10.0,4,False,4,3,3
487,Psychic,Fairy,310,20.0,25.0,45.0,70.0,90.0,60.0,4,False,3,2,1
488,Normal,Flying,220,100.0,5.0,5.0,15.0,65.0,30.0,4,False,4,3,1
489,Normal,Flying,411,76.0,65.0,45.0,92.0,42.0,91.0,4,False,4,3,1
490,Ghost,Dark,485,50.0,92.0,108.0,92.0,108.0,35.0,4,False,0,2,3
491,Dragon,Ground,300,58.0,70.0,45.0,40.0,45.0,42.0,4,False,3,2,2
492,Dragon,Ground,410,68.0,90.0,65.0,50.0,55.0,82.0,4,False,3,2,1
493,Dragon,Ground,600,108.0,130.0,95.0,80.0,85.0,102.0,4,False,1,2,3
494,Dragon,Ground,700,108.0,75.0,115.0,120.0,95.0,92.0,4,False,1,2,0
495,Normal,Flying,390,65.0,85.0,40.0,40.0,85.0,5.0,4,False,4,3,1
496,Fighting,Flying,285,40.0,70.0,40.0,35.0,40.0,60.0,4,False,4,3,2
497,Fighting,Steel,525,70.0,110.0,70.0,115.0,70.0,90.0,4,False,0,2,2
498,Fighting,Steel,625,70.0,145.0,88.0,140.0,70.0,112.0,4,False,0,2,2
499,Ground,Flying,330,68.0,72.0,78.0,38.0,42.0,32.0,4,False,0,3,3
500,Ground,Flying,525,108.0,112.0,118.0,68.0,72.0,47.0,4,False,0,3,3
501,Poison,Bug,330,40.0,50.0,90.0,30.0,55.0,65.0,4,False,0,2,0
502,Poison,Dark,500,70.0,90.0,110.0,60.0,75.0,95.0,4,False,0,2,3
503,Poison,Fighting,300,48.0,61.0,40.0,61.0,40.0,50.0,4,False,0,2,1
504,Poison,Fighting,490,83.0,106.0,65.0,86.0,65.0,85.0,4,False,0,2,2
505,Grass,Flying,454,74.0,100.0,72.0,90.0,72.0,46.0,4,False,4,1,2
506,Water,Flying,330,49.0,49.0,56.0,49.0,61.0,66.0,4,False,3,0,1
507,Water,Flying,460,69.0,69.0,76.0,69.0,86.0,91.0,4,False,1,0,0
508,Water,Flying,345,45.0,20.0,50.0,60.0,120.0,50.0,4,False,3,0,1
509,Grass,Ice,334,60.0,62.0,50.0,62.0,60.0,40.0,4,False,0,1,1
510,Grass,Ice,494,90.0,92.0,75.0,92.0,85.0,60.0,4,False,0,1,1
511,Grass,Ice,594,90.0,132.0,105.0,132.0,105.0,30.0,4,False,0,1,2
512,Dark,Ice,510,70.0,120.0,65.0,45.0,85.0,125.0,4,False,0,2,0
513,Electric,Steel,535,70.0,70.0,115.0,130.0,90.0,60.0,4,False,3,2,0
514,Normal,Flying,515,110.0,85.0,95.0,80.0,95.0,50.0,4,False,4,3,1
515,Ground,Rock,535,115.0,140.0,130.0,55.0,55.0,40.0,4,False,3,2,3
516,Grass,Flying,535,100.0,100.0,125.0,110.0,50.0,50.0,4,False,4,1,3
517,Electric,Flying,540,75.0,123.0,67.0,95.0,85.0,95.0,4,False,4,3,2
518,Fire,Flying,540,75.0,95.0,67.0,125.0,95.0,83.0,4,False,4,3,0
519,Fairy,Flying,545,85.0,50.0,95.0,120.0,115.0,80.0,4,False,4,3,0
520,Bug,Flying,515,86.0,76.0,86.0,116.0,56.0,95.0,4,False,4,3,0
521,Grass,Flying,525,65.0,110.0,130.0,60.0,65.0,95.0,4,False,4,1,3
522,Ice,Flying,525,65.0,60.0,110.0,130.0,95.0,65.0,4,False,4,3,0
523,Ground,Flying,510,75.0,95.0,125.0,45.0,75.0,95.0,4,False,0,3,3
524,Ice,Ground,530,110.0,130.0,80.0,70.0,60.0,80.0,4,False,3,2,3
525,Normal,Flying,535,85.0,80.0,70.0,135.0,75.0,90.0,4,False,4,3,0
526,Psychic,Fighting,518,68.0,125.0,65.0,65.0,115.0,80.0,4,False,0,2,1
527,Psychic,Fighting,618,68.0,165.0,95.0,65.0,115.0,110.0,4,False,0,2,2
528,Rock,Steel,525,60.0,55.0,145.0,75.0,150.0,40.0,4,False,0,2,3
529,Ghost,Flying,525,45.0,100.0,135.0,65.0,135.0,45.0,4,False,3,3,3
530,Ice,Ghost,480,70.0,80.0,70.0,80.0,70.0,110.0,4,False,0,2,0
531,Electric,Ghost,440,50.0,50.0,77.0,95.0,77.0,91.0,4,False,0,2,0
532,Electric,Fire,520,50.0,65.0,107.0,105.0,107.0,86.0,4,False,0,2,0
533,Electric,Water,520,50.0,65.0,107.0,105.0,107.0,86.0,4,False,3,2,0
534,Electric,Ice,520,50.0,65.0,107.0,105.0,107.0,86.0,4,False,3,2,0
535,Electric,Flying,520,50.0,65.0,107.0,105.0,107.0,86.0,4,False,4,3,0
536,Electric,Grass,520,50.0,65.0,107.0,105.0,107.0,86.0,4,False,3,2,0
537,Psychic,Flying,580,75.0,75.0,130.0,75.0,130.0,95.0,4,True,1,4,3
538,Psychic,Flying,580,80.0,105.0,105.0,105.0,105.0,80.0,4,True,1,4,2
539,Psychic,Flying,580,75.0,125.0,70.0,125.0,70.0,115.0,4,True,1,4,2
540,Steel,Dragon,680,100.0,120.0,120.0,150.0,100.0,90.0,4,True,1,4,0
541,Water,Dragon,680,90.0,120.0,100.0,150.0,120.0,100.0,4,True,1,4,2
542,Fire,Steel,600,91.0,90.0,106.0,130.0,106.0,77.0,4,True,2,4,0
543,Normal,Flying,670,110.0,160.0,110.0,80.0,110.0,100.0,4,True,1,4,3
544,Ghost,Dragon,680,65.0,100.0,120.0,100.0,120.0,90.0,4,True,1,4,0
545,Ghost,Dragon,680,65.0,120.0,100.0,120.0,100.0,90.0,4,True,1,4,2
546,Psychic,Flying,600,120.0,70.0,120.0,75.0,130.0,85.0,4,False,4,3,3
547,Water,Flying,480,80.0,80.0,80.0,80.0,80.0,80.0,4,False,1,0,0
548,Water,Flying,600,100.0,100.0,100.0,100.0,100.0,100.0,4,False,1,0,0
549,Dark,Flying,600,70.0,90.0,90.0,135.0,90.0,125.0,4,True,1,4,0
550,Grass,Flying,600,100.0,100.0,100.0,100.0,100.0,100.0,4,True,1,4,0
551,Grass,Flying,600,100.0,103.0,75.0,120.0,75.0,127.0,4,True,1,4,0
552,Normal,Flying,720,120.0,120.0,120.0,120.0,120.0,120.0,4,True,1,4,0
553,Psychic,Fire,600,100.0,100.0,100.0,100.0,100.0,100.0,5,True,1,4,0
554,Grass,Flying,308,45.0,45.0,55.0,45.0,55.0,63.0,5,False,4,1,1
555,Grass,Flying,413,60.0,60.0,75.0,60.0,75.0,83.0,5,False,4,1,0
556,Grass,Flying,528,75.0,75.0,95.0,75.0,95.0,113.0,5,False,4,1,0
557,Fire,Flying,308,65.0,63.0,45.0,45.0,45.0,45.0,5,False,4,3,1
558,Fire,Fighting,418,90.0,93.0,55.0,70.0,55.0,55.0,5,False,0,2,1
559,Fire,Fighting,528,110.0,123.0,65.0,100.0,65.0,65.0,5,False,0,2,2
560,Water,Flying,308,55.0,55.0,45.0,63.0,45.0,45.0,5,False,3,0,1
561,Water,Flying,413,75.0,75.0,60.0,83.0,60.0,60.0,5,False,3,0,1
562,Water,Flying,528,95.0,100.0,85.0,108.0,70.0,70.0,5,False,1,0,3
563,Normal,Flying,255,45.0,55.0,39.0,35.0,39.0,42.0,5,False,4,3,2
564,Normal,Flying,420,60.0,85.0,69.0,60.0,69.0,77.0,5,False,4,3,1
565,Normal,Flying,275,45.0,60.0,45.0,25.0,45.0,55.0,5,False,4,3,2
566,Normal,Flying,370,65.0,80.0,65.0,35.0,65.0,60.0,5,False,4,3,1
567,Normal,Flying,500,85.0,110.0,90.0,45.0,90.0,80.0,5,False,4,3,3
568,Dark,Flying,281,41.0,50.0,37.0,50.0,37.0,66.0,5,False,4,3,1
569,Dark,Flying,446,64.0,88.0,50.0,88.0,50.0,106.0,5,False,4,3,1
570,Grass,Flying,316,50.0,53.0,48.0,53.0,48.0,64.0,5,False,4,1,1
571,Grass,Flying,498,75.0,98.0,63.0,98.0,63.0,101.0,5,False,4,1,2
572,Fire,Flying,316,50.0,53.0,48.0,53.0,48.0,64.0,5,False,4,3,1
573,Fire,Flying,498,75.0,98.0,63.0,98.0,63.0,101.0,5,False,4,3,2
574,Water,Flying,316,50.0,53.0,48.0,53.0,48.0,64.0,5,False,3,0,1
575,Water,Flying,498,75.0,98.0,63.0,98.0,63.0,101.0,5,False,1,0,2
576,Psychic,Flying,292,76.0,25.0,45.0,67.0,55.0,24.0,5,False,4,3,1
577,Psychic,Flying,487,116.0,55.0,85.0,107.0,95.0,29.0,5,False,4,3,3
578,Normal,Flying,264,50.0,55.0,50.0,36.0,30.0,43.0,5,False,4,3,1
579,Normal,Flying,358,62.0,77.0,62.0,50.0,42.0,65.0,5,False,4,3,1
580,Normal,Flying,488,80.0,115.0,80.0,65.0,55.0,93.0,5,False,4,3,0
581,Electric,Flying,295,45.0,60.0,32.0,50.0,32.0,76.0,5,False,4,3,1
582,Electric,Flying,497,75.0,100.0,63.0,80.0,63.0,116.0,5,False,4,3,2
583,Rock,Flying,280,55.0,75.0,85.0,25.0,25.0,15.0,5,False,4,3,3
584,Rock,Flying,390,70.0,105.0,105.0,50.0,40.0,20.0,5,False,4,3,3
585,Rock,Flying,515,85.0,135.0,130.0,60.0,80.0,25.0,5,False,4,3,3
586,Psychic,Flying,313,55.0,45.0,43.0,55.0,43.0,72.0,5,False,4,3,1
587,Psychic,Flying,425,67.0,57.0,55.0,77.0,55.0,114.0,5,False,4,3,0
588,Ground,Flying,328,60.0,85.0,40.0,30.0,45.0,68.0,5,False,0,3,2
589,Ground,Steel,508,110.0,135.0,60.0,50.0,65.0,88.0,5,False,0,2,2
590,Normal,Flying,445,103.0,60.0,86.0,60.0,86.0,50.0,5,False,4,3,1
591,Normal,Fairy,545,103.0,60.0,126.0,80.0,126.0,50.0,5,False,3,2,3
592,Fighting,Flying,305,75.0,80.0,55.0,25.0,35.0,35.0,5,False,4,3,1
593,Fighting,Flying,405,85.0,105.0,85.0,40.0,50.0,40.0,5,False,4,3,3
594,Fighting,Flying,505,105.0,140.0,95.0,55.0,65.0,45.0,5,False,4,3,3
595,Water,Flying,294,50.0,50.0,40.0,50.0,40.0,64.0,5,False,3,0,1
596,Water,Ground,384,75.0,65.0,55.0,65.0,55.0,69.0,5,False,3,0,1
597,Water,Ground,509,105.0,95.0,75.0,85.0,75.0,74.0,5,False,3,0,1
598,Fighting,Flying,465,120.0,100.0,85.0,30.0,85.0,45.0,5,False,4,3,3
599,Fighting,Flying,465,75.0,125.0,75.0,30.0,75.0,85.0,5,False,4,3,3
600,Bug,Grass,310,45.0,53.0,70.0,40.0,60.0,42.0,5,False,0,2,1
601,Bug,Grass,380,55.0,63.0,90.0,50.0,80.0,42.0,5,False,0,2,3
602,Bug,Grass,500,75.0,103.0,80.0,70.0,80.0,92.0,5,False,0,2,0
603,Bug,Poison,260,30.0,45.0,59.0,30.0,39.0,57.0,5,False,3,2,1
604,Bug,Poison,360,40.0,55.0,99.0,40.0,79.0,47.0,5,False,3,2,3
605,Bug,Poison,485,60.0,100.0,89.0,55.0,69.0,112.0,5,False,3,2,0
606,Grass,Fairy,280,40.0,27.0,60.0,37.0,50.0,66.0,5,False,3,1,1
607,Grass,Fairy,480,60.0,67.0,85.0,77.0,75.0,116.0,5,False,3,1,0
608,Grass,Flying,280,45.0,35.0,50.0,70.0,50.0,30.0,5,False,4,1,1
609,Grass,Flying,480,70.0,60.0,75.0,110.0,75.0,90.0,5,False,4,1,0
610,Water,Flying,460,70.0,92.0,65.0,80.0,55.0,98.0,5,False,1,0,2
611,Ground,Dark,292,50.0,72.0,35.0,35.0,35.0,65.0,5,False,0,2,2
612,Ground,Dark,351,60.0,82.0,45.0,45.0,45.0,74.0,5,False,0,2,1
613,Ground,Dark,519,95.0,117.0,80.0,65.0,70.0,92.0,5,False,0,2,3
614,Fire,Flying,315,70.0,90.0,45.0,15.0,45.0,50.0,5,False,4,3,2
615,Fire,Flying,480,105.0,140.0,55.0,30.0,55.0,95.0,5,False,4,3,2
616,Fire,Psychic,540,105.0,30.0,105.0,140.0,105.0,55.0,5,False,2,2,0
617,Grass,Flying,461,75.0,86.0,67.0,106.0,67.0,60.0,5,False,4,1,1
618,Bug,Rock,325,50.0,65.0,85.0,35.0,35.0,55.0,5,False,3,2,3
619,Bug,Rock,475,70.0,95.0,125.0,65.0,75.0,45.0,5,False,3,2,3
620,Dark,Fighting,348,50.0,75.0,70.0,35.0,70.0,48.0,5,False,0,2,1
621,Dark,Fighting,488,65.0,90.0,115.0,45.0,115.0,58.0,5,False,0,2,3
622,Psychic,Flying,490,72.0,58.0,80.0,103.0,80.0,97.0,5,False,4,3,0
623,Ghost,Flying,303,38.0,30.0,85.0,55.0,65.0,30.0,5,False,3,3,3
624,Ghost,Flying,483,58.0,50.0,145.0,95.0,105.0,30.0,5,False,3,3,3
625,Water,Rock,355,54.0,78.0,103.0,53.0,45.0,22.0,5,False,3,0,3
626,Water,Rock,495,74.0,108.0,133.0,83.0,65.0,32.0,5,False,3,0,3
627,Rock,Flying,401,55.0,112.0,45.0,74.0,45.0,70.0,5,False,4,3,2
628,Rock,Flying,567,75.0,140.0,65.0,112.0,65.0,110.0,5,False,4,3,2
629,Poison,Flying,329,50.0,50.0,62.0,40.0,62.0,65.0,5,False,4,3,1
630,Poison,Flying,474,80.0,95.0,82.0,60.0,82.0,75.0,5,False,4,3,3
631,Dark,Flying,330,40.0,65.0,40.0,80.0,40.0,65.0,5,False,4,3,2
632,Dark,Flying,510,60.0,105.0,60.0,120.0,60.0,105.0,5,False,4,3,2
633,Normal,Flying,300,55.0,50.0,40.0,40.0,40.0,75.0,5,False,4,3,1
634,Normal,Flying,470,75.0,95.0,60.0,65.0,60.0,115.0,5,False,4,3,0
635,Psychic,Flying,290,45.0,30.0,50.0,55.0,65.0,45.0,5,False,4,3,1
636,Psychic,Flying,390,60.0,45.0,70.0,75.0,85.0,55.0,5,False,4,3,1
637,Psychic,Flying,490,70.0,55.0,95.0,95.0,110.0,65.0,5,False,4,3,0
638,Psychic,Flying,290,45.0,30.0,40.0,105.0,50.0,20.0,5,False,4,3,1
639,Psychic,Flying,370,65.0,40.0,50.0,125.0,60.0,30.0,5,False,4,3,1
640,Psychic,Flying,490,110.0,65.0,75.0,125.0,85.0,30.0,5,False,4,3,3
641,Water,Flying,305,62.0,44.0,50.0,44.0,50.0,55.0,5,False,3,0,1
642,Water,Flying,473,75.0,87.0,63.0,87.0,63.0,98.0,5,False,1,0,2
643,Ice,Flying,305,36.0,50.0,50.0,65.0,60.0,44.0,5,False,4,3,1
644,Ice,Flying,395,51.0,65.0,65.0,80.0,75.0,59.0,5,False,4,3,1
645,Ice,Flying,535,71.0,95.0,85.0,110.0,95.0,79.0,5,False,4,3,2
646,Normal,Grass,335,60.0,60.0,50.0,40.0,50.0,75.0,5,False,0,2,1
647,Normal,Grass,475,80.0,100.0,70.0,60.0,70.0,95.0,5,False,0,2,0
648,Electric,Flying,428,55.0,75.0,60.0,75.0,60.0,103.0,5,False,4,3,1
649,Bug,Flying,315,50.0,75.0,45.0,40.0,45.0,60.0,5,False,4,3,2
650,Bug,Steel,495,70.0,135.0,105.0,60.0,105.0,20.0,5,False,0,2,3
651,Grass,Poison,294,69.0,55.0,45.0,55.0,55.0,15.0,5,False,0,1,1
652,Grass,Poison,464,114.0,85.0,70.0,85.0,80.0,30.0,5,False,0,1,3
653,Water,Ghost,335,55.0,40.0,50.0,65.0,85.0,40.0,5,False,0,0,1
654,Water,Ghost,480,100.0,60.0,70.0,85.0,105.0,60.0,5,False,0,0,3
655,Water,Flying,470,65.0,75.0,80.0,40.0,45.0,65.0,5,False,3,0,0
656,Bug,Electric,319,50.0,47.0,50.0,57.0,50.0,65.0,5,False,0,2,1
657,Bug,Electric,472,70.0,77.0,60.0,97.0,60.0,108.0,5,False,0,2,1
658,Grass,Steel,305,44.0,50.0,91.0,24.0,86.0,10.0,5,False,0,1,3
659,Grass,Steel,489,74.0,94.0,131.0,54.0,116.0,20.0,5,False,0,1,3
660,Steel,Flying,300,40.0,55.0,70.0,45.0,60.0,30.0,5,False,4,3,3
661,Steel,Flying,440,60.0,80.0,95.0,70.0,85.0,50.0,5,False,4,3,3
662,Steel,Flying,520,60.0,100.0,115.0,70.0,85.0,90.0,5,False,4,3,3
663,Electric,Flying,275,35.0,55.0,40.0,45.0,40.0,60.0,5,False,4,3,1
664,Electric,Flying,405,65.0,85.0,70.0,75.0,70.0,40.0,5,False,4,3,1
665,Electric,Flying,515,85.0,115.0,80.0,105.0,80.0,50.0,5,False,4,3,2
666,Psychic,Flying,335,55.0,55.0,55.0,85.0,55.0,30.0,5,False,4,3,1
667,Psychic,Flying,485,75.0,75.0,75.0,125.0,95.0,40.0,5,False,4,3,1
668,Ghost,Fire,275,50.0,30.0,55.0,65.0,55.0,20.0,5,False,3,2,1
669,Ghost,Fire,370,60.0,40.0,60.0,95.0,60.0,55.0,5,False,3,2,1
670,Ghost,Fire,520,60.0,55.0,90.0,145.0,90.0,80.0,5,False,3,2,0
671,Dragon,Flying,320,46.0,87.0,60.0,30.0,40.0,57.0,5,False,4,3,2
672,Dragon,Flying,410,66.0,117.0,70.0,40.0,50.0,67.0,5,False,4,3,2
673,Dragon,Flying,540,76.0,147.0,90.0,60.0,70.0,97.0,5,False,1,3,0
674,Ice,Flying,305,55.0,70.0,40.0,60.0,40.0,40.0,5,False,4,3,1
675,Ice,Flying,485,95.0,110.0,80.0,70.0,80.0,50.0,5,False,4,3,3
676,Ice,Flying,485,70.0,50.0,30.0,95.0,135.0,105.0,5,False,4,3,1
677,Bug,Flying,305,50.0,40.0,85.0,40.0,65.0,25.0,5,False,4,3,3
678,Bug,Flying,495,80.0,70.0,40.0,100.0,60.0,145.0,5,False,4,3,0
679,Ground,Electric,471,109.0,66.0,84.0,81.0,99.0,32.0,5,False,0,2,3
680,Fighting,Flying,350,45.0,85.0,50.0,55.0,50.0,65.0,5,False,4,3,1
681,Fighting,Flying,510,65.0,125.0,60.0,95.0,60.0,105.0,5,False,4,3,2
682,Dragon,Flying,485,77.0,120.0,90.0,60.0,90.0,48.0,5,False,1,3,3
683,Ground,Ghost,303,59.0,74.0,50.0,35.0,50.0,35.0,5,False,0,2,2
684,Ground,Ghost,483,89.0,124.0,80.0,55.0,80.0,55.0,5,False,0,2,3
685,Dark,Steel,340,45.0,85.0,70.0,40.0,40.0,60.0,5,False,0,2,2
686,Dark,Steel,490,65.0,125.0,100.0,60.0,70.0,70.0,5,False,0,2,3
687,Normal,Flying,490,95.0,110.0,95.0,40.0,95.0,55.0,5,False,4,3,3
688,Normal,Flying,350,70.0,83.0,50.0,37.0,50.0,60.0,5,False,4,3,2
689,Normal,Flying,510,100.0,123.0,75.0,57.0,75.0,80.0,5,False,4,3,3
690,Dark,Flying,370,70.0,55.0,75.0,45.0,65.0,60.0,5,False,4,3,1
691,Dark,Flying,510,110.0,65.0,105.0,55.0,95.0,80.0,5,False,4,3,3
692,Fire,Flying,484,85.0,97.0,66.0,105.0,66.0,65.0,5,False,4,3,1
693,Bug,Steel,484,58.0,109.0,112.0,48.0,48.0,109.0,5,False,0,2,3
694,Dark,Dragon,300,52.0,65.0,50.0,45.0,50.0,38.0,5,False,0,2,2
695,Dark,Dragon,420,72.0,85.0,70.0,65.0,70.0,58.0,5,False,0,2,1
696,Dark,Dragon,600,92.0,105.0,90.0,125.0,90.0,98.0,5,False,0,2,0
697,Bug,Fire,360,55.0,85.0,55.0,50.0,55.0,60.0,5,False,0,2,1
698,Bug,Fire,550,85.0,60.0,65.0,135.0,105.0,100.0,5,False,0,2,0
699,Steel,Fighting,580,91.0,90.0,129.0,90.0,72.0,108.0,5,True,1,4,0
700,Rock,Fighting,580,91.0,129.0,90.0,72.0,90.0,108.0,5,True,1,4,3
701,Grass,Fighting,580,91.0,90.0,72.0,90.0,129.0,108.0,5,True,0,4,1
702,Flying,Flying,580,79.0,115.0,70.0,125.0,80.0,111.0,5,True,1,4,2
703,Flying,Flying,580,79.0,100.0,80.0,110.0,90.0,121.0,5,True,1,4,0
704,Electric,Flying,580,79.0,115.0,70.0,125.0,80.0,111.0,5,True,1,4,2
705,Electric,Flying,580,79.0,105.0,70.0,145.0,80.0,101.0,5,True,1,4,2
706,Dragon,Fire,680,100.0,120.0,100.0,150.0,120.0,90.0,5,True,1,4,2
707,Dragon,Electric,680,100.0,150.0,120.0,120.0,100.0,90.0,5,True,1,4,2
708,Ground,Flying,600,89.0,125.0,90.0,115.0,80.0,101.0,5,True,1,4,2
709,Ground,Flying,600,89.0,145.0,90.0,105.0,80.0,91.0,5,True,1,4,2
710,Dragon,Ice,660,125.0,130.0,90.0,130.0,90.0,95.0,5,True,1,4,2
711,Dragon,Ice,700,125.0,75.0,100.0,120.0,90.0,95.0,5,True,1,4,0
712,Dragon,Ice,700,125.0,120.0,90.0,65.0,100.0,95.0,5,True,1,4,4
713,Water,Fighting,580,91.0,72.0,90.0,129.0,90.0,108.0,5,False,0,0,0
714,Water,Fighting,580,91.0,72.0,90.0,129.0,90.0,108.0,5,False,0,0,0
715,Normal,Psychic,600,100.0,77.0,77.0,128.0,128.0,90.0,5,False,0,2,2
716,Normal,Fighting,600,100.0,128.0,90.0,77.0,77.0,128.0,5,False,0,2,0
717,Bug,Steel,600,71.0,120.0,95.0,120.0,95.0,99.0,5,False,0,2,2
718,Grass,Flying,313,56.0,61.0,65.0,48.0,45.0,38.0,6,False,4,1,3
719,Grass,Flying,405,61.0,78.0,95.0,56.0,58.0,57.0,6,False,4,1,3
720,Grass,Fighting,530,88.0,107.0,122.0,74.0,75.0,64.0,6,False,0,1,3
721,Fire,Flying,307,40.0,45.0,40.0,62.0,60.0,60.0,6,False,4,3,1
722,Fire,Flying,409,59.0,59.0,58.0,90.0,70.0,73.0,6,False,4,3,1
723,Fire,Psychic,534,75.0,69.0,72.0,114.0,100.0,104.0,6,False,2,2,0
724,Water,Flying,314,41.0,56.0,40.0,62.0,44.0,71.0,6,False,3,0,1
725,Water,Flying,405,54.0,63.0,52.0,83.0,56.0,97.0,6,False,3,0,1
726,Water,Dark,530,72.0,95.0,67.0,103.0,71.0,122.0,6,False,0,0,0
727,Normal,Flying,237,38.0,36.0,38.0,32.0,36.0,57.0,6,False,4,3,1
728,Normal,Ground,423,85.0,56.0,77.0,50.0,77.0,78.0,6,False,0,2,0
729,Normal,Flying,278,45.0,50.0,43.0,40.0,38.0,62.0,6,False,4,3,1
730,Fire,Flying,382,62.0,73.0,55.0,56.0,52.0,84.0,6,False,4,3,1
731,Fire,Flying,499,78.0,81.0,71.0,74.0,69.0,126.0,6,False,4,3,0
732,Bug,Flying,200,38.0,35.0,40.0,27.0,25.0,35.0,6,False,4,3,1
733,Bug,Flying,213,45.0,22.0,60.0,27.0,30.0,29.0,6,False,4,3,1
734,Bug,Flying,411,80.0,52.0,50.0,90.0,50.0,89.0,6,False,4,3,1
735,Fire,Normal,369,62.0,50.0,58.0,73.0,54.0,72.0,6,False,2,2,1
736,Fire,Normal,507,86.0,68.0,72.0,109.0,66.0,106.0,6,False,2,2,0
737,Fairy,Flying,303,44.0,38.0,39.0,61.0,79.0,42.0,6,False,4,3,1
738,Fairy,Flying,371,54.0,45.0,47.0,75.0,98.0,52.0,6,False,4,3,1
739,Fairy,Flying,552,78.0,65.0,68.0,112.0,70.0,75.0,6,False,4,3,0
740,Grass,Flying,350,66.0,65.0,48.0,62.0,57.0,52.0,6,False,4,1,1
741,Grass,Flying,531,123.0,100.0,62.0,97.0,81.0,68.0,6,False,4,1,1
742,Fighting,Flying,348,67.0,82.0,62.0,46.0,48.0,43.0,6,False,4,3,1
743,Fighting,Dark,495,95.0,124.0,78.0,69.0,71.0,58.0,6,False,0,2,3
744,Normal,Flying,472,75.0,80.0,60.0,65.0,90.0,102.0,6,False,4,3,0
745,Psychic,Flying,355,62.0,48.0,54.0,63.0,60.0,68.0,6,False,4,3,1
746,Psychic,Flying,466,74.0,48.0,76.0,83.0,81.0,104.0,6,False,4,3,0
747,Psychic,Flying,466,74.0,48.0,76.0,83.0,81.0,104.0,6,False,4,3,0
748,Steel,Ghost,325,45.0,80.0,100.0,35.0,37.0,28.0,6,False,0,2,3
749,Steel,Ghost,448,59.0,110.0,150.0,45.0,49.0,35.0,6,False,0,2,3
750,Steel,Ghost,520,60.0,150.0,50.0,150.0,50.0,60.0,6,False,0,2,2
751,Steel,Ghost,520,60.0,50.0,150.0,50.0,150.0,60.0,6,False,0,2,3
752,Fairy,Flying,341,78.0,52.0,60.0,63.0,65.0,23.0,6,False,4,3,1
753,Fairy,Flying,462,101.0,72.0,72.0,99.0,89.0,29.0,6,False,4,3,3
754,Fairy,Flying,341,62.0,48.0,66.0,59.0,57.0,49.0,6,False,4,3,1
755,Fairy,Flying,480,82.0,80.0,86.0,85.0,75.0,72.0,6,False,4,3,0
756,Dark,Psychic,288,53.0,54.0,53.0,37.0,46.0,45.0,6,False,0,2,1
757,Dark,Psychic,482,86.0,92.0,88.0,68.0,75.0,73.0,6,False,0,2,3
758,Rock,Water,306,42.0,52.0,67.0,39.0,56.0,50.0,6,False,2,2,1
759,Rock,Water,500,72.0,105.0,115.0,54.0,86.0,68.0,6,False,2,2,3
760,Poison,Water,320,50.0,60.0,60.0,60.0,60.0,30.0,6,False,0,2,2
761,Poison,Dragon,494,65.0,75.0,90.0,97.0,123.0,44.0,6,False,0,2,3
762,Water,Flying,330,50.0,53.0,62.0,58.0,63.0,44.0,6,False,3,0,1
763,Water,Flying,500,71.0,73.0,88.0,120.0,89.0,59.0,6,False,1,0,3
764,Electric,Normal,289,44.0,38.0,33.0,61.0,43.0,70.0,6,False,3,2,1
765,Electric,Normal,481,62.0,55.0,52.0,109.0,94.0,109.0,6,False,3,2,0
766,Rock,Dragon,362,58.0,89.0,77.0,45.0,45.0,48.0,6,False,2,2,3
767,Rock,Dragon,521,82.0,121.0,119.0,69.0,59.0,71.0,6,False,2,2,3
768,Rock,Ice,362,77.0,59.0,50.0,67.0,63.0,46.0,6,False,2,2,1
769,Rock,Ice,521,123.0,77.0,72.0,99.0,92.0,58.0,6,False,2,2,1
770,Fairy,Flying,525,95.0,65.0,65.0,110.0,130.0,60.0,6,False,4,3,1
771,Fighting,Flying,500,78.0,92.0,75.0,74.0,63.0,118.0,6,False,4,3,0
772,Electric,Fairy,431,67.0,58.0,57.0,81.0,67.0,101.0,6,False,3,2,0
773,Rock,Fairy,500,50.0,50.0,150.0,50.0,150.0,50.0,6,False,2,2,3
774,Dragon,Flying,300,45.0,50.0,35.0,55.0,75.0,40.0,6,False,4,3,1
775,Dragon,Flying,452,68.0,75.0,53.0,83.0,113.0,60.0,6,False,1,3,1
776,Dragon,Flying,600,90.0,100.0,70.0,110.0,150.0,80.0,6,False,1,3,1
777,Steel,Fairy,470,57.0,80.0,91.0,80.0,87.0,75.0,6,False,3,2,0
778,Ghost,Grass,309,43.0,70.0,48.0,50.0,60.0,38.0,6,False,3,2,2
779,Ghost,Grass,474,85.0,110.0,76.0,65.0,82.0,56.0,6,False,3,2,3
780,Ghost,Grass,335,49.0,66.0,70.0,44.0,55.0,51.0,6,False,3,2,1
781,Ghost,Grass,335,44.0,66.0,70.0,44.0,55.0,56.0,6,False,3,2,1
782,Ghost,Grass,335,54.0,66.0,70.0,44.0,55.0,46.0,6,False,3,2,1
783,Ghost,Grass,335,59.0,66.0,70.0,44.0,55.0,41.0,6,False,3,2,3
784,Ghost,Grass,494,65.0,90.0,122.0,58.0,75.0,84.0,6,False,3,2,3
785,Ghost,Grass,494,55.0,85.0,122.0,58.0,75.0,99.0,6,False,3,2,3
786,Ghost,Grass,494,75.0,95.0,122.0,58.0,75.0,69.0,6,False,3,2,3
787,Ghost,Grass,494,85.0,100.0,122.0,58.0,75.0,54.0,6,False,3,2,3
788,Ice,Flying,304,55.0,69.0,85.0,32.0,35.0,28.0,6,False,4,3,3
789,Ice,Flying,514,95.0,117.0,70.0,44.0,46.0,28.0,6,False,4,3,3
790,Flying,Dragon,245,40.0,30.0,35.0,45.0,40.0,55.0,6,False,0,2,1
791,Flying,Dragon,535,85.0,70.0,80.0,97.0,80.0,123.0,6,False,0,2,0
792,Fairy,Flying,680,65.0,131.0,95.0,131.0,98.0,99.0,6,True,1,4,2
793,Dark,Flying,680,65.0,131.0,95.0,131.0,98.0,99.0,6,True,1,4,2
794,Dragon,Ground,600,108.0,100.0,121.0,81.0,95.0,95.0,6,True,1,4,0
795,Rock,Fairy,600,50.0,100.0,150.0,100.0,150.0,50.0,6,True,2,4,3
796,Rock,Fairy,700,50.0,160.0,110.0,160.0,110.0,110.0,6,True,2,4,2
797,Psychic,Ghost,600,80.0,110.0,60.0,150.0,130.0,70.0,6,True,1,4,2
798,Psychic,Dark,680,80.0,160.0,60.0,65.0,130.0,80.0,6,True,1,4,4
799,Fire,Water,600,80.0,110.0,120.0,130.0,90.0,70.0,6,True,2,4,0
